"Feedback Response Id","Submitted Time","Order Number","Feedback Type",Question,"Option Recorded"
9,"2017-11-20 20:01:58",000003037,Regular,"Leykart App functionality and working",Yes
10,"2017-11-20 20:01:58",000003037,Regular,"Part Identification functionality",Yes
11,"2017-11-20 20:01:58",000003037,Regular,"Did you get what you wanted (regarding spare parts range in leykart Yes/No if any thing to be added need to be mentioned in comment box)",Other
12,"2017-11-20 20:01:58",000003037,Regular,"Delivery Service Time & Condition","Very Good"
13,"2017-11-21 16:56:09",000003073,Regular,"Leykart App functionality and working",Yes
14,"2017-11-21 16:56:09",000003073,Regular,"Part Identification functionality",Yes
15,"2017-11-21 16:56:09",000003073,Regular,"Delivery Service Time & Condition",No
16,"2017-11-21 16:56:09",000003073,Regular,"Did you get what you wanted (regarding spare parts range in leykart Yes/No if any thing to be added need to be mentioned in comment box)",Other
